<CARDS>
    <CARD>
        <CARD_NUMBER>6011111100007756</CARD_NUMBER>
        <EXPIRATION_DATE>02/24</EXPIRATION_DATE>
        <CARD_HOLDER_NAME>John Doe</CARD_HOLDER_NAME>
    </CARD>
    <CARD>
        <CARD_NUMBER>3601112345678789</CARD_NUMBER>
        <EXPIRATION_DATE>06/24</EXPIRATION_DATE>
        <CARD_HOLDER_NAME>Lara Wayne</CARD_HOLDER_NAME>
    </CARD>
    <CARD>
        <CARD_NUMBER>5167894523129089</CARD_NUMBER>
        <EXPIRATION_DATE>08/26</EXPIRATION_DATE>
        <CARD_HOLDER_NAME>John Doe</CARD_HOLDER_NAME>
    </CARD>
    <CARD>
        <CARD_NUMBER>4123456789123999</CARD_NUMBER>
        <EXPIRATION_DATE>03/23</EXPIRATION_DATE>
        <CARD_HOLDER_NAME>Jane Dayton</CARD_HOLDER_NAME>
    </CARD>
</CARDS>
